Allele,D19S433,D5S818,D21S11,D18S51,D6S1043,D3S1358,D13S317,D7S820,D16S539,CSF1PO,PentaD,vWA,D8S1179,TPOX,PentaE,TH01,D12S391,D2S1338,FGA,D6S477,D18S535,D19S253,D15S659,D11S2368,D20S470,D1S1656,GATA198B05,D7S3048,D8S1132,D4S2366,D21S1270,D13S325,D9S925,D3S3045,D14S608,D10S1435,D17S1290,D5S2500,D3S1744,D7S1517,D2S441,D10S1248
3,0,0,0,0,0,0,0,0,0,0,0,0,0,0,0,0,0,0,0,0,0,0,0,0,0.0005,0,0,0,0,0,0,0,0,0,0,0,0,0,0,0,0,0
4,0,0,0,0,0,0,0,0,0,0,0,0,0,0,0,0,0,0,0,0,0,0,0,0,0,0,0,0,0,0,0,0.0005,0,0,0.0005,0,0,0,0,0,0,0
5,0,0,0,0,0,0,0,0,0,0,0.0005,0,0,0,0.0471,0,0,0,0,0,0,0,0,0,0,0,0,0,0,0,0,0,0,0,0,0,0,0,0,0,0,0
6,0,0.001,0,0,0,0,0,0,0,0,0.0035,0,0,0,0.0005,0.1086,0,0,0,0,0,0,0,0,0.0029,0,0,0,0,0,0,0,0,0,0.0613,0,0,0,0,0,0,0
7,0,0.0174,0,0,0,0,0,0.0015,0,0,0.0079,0,0,0,0.0035,0.25,0,0,0,0,0,0.167,0,0,0,0,0,0,0,0,0.0005,0.001,0,0,0.2181,0,0,0,0,0,0,0
8,0,0.003,0,0,0.0005,0,0.257,0.1528,0.0104,0.0035,0.0407,0,0.0015,0.5247,0.004,0.0516,0,0,0,0,0.0005,0.038,0.0034,0,0.0019,0,0,0,0,0.001,0,0,0,0,0.0122,0.0341,0,0.0005,0,0,0,0.0013
8.1,0,0,0,0,0,0,0,0,0,0,0,0,0,0,0,0,0,0,0,0,0,0,0,0,0,0,0,0,0,0,0,0,0,0,0,0,0,0,0,0,0.0004,0
9,0,0.0749,0,0.0005,0.001,0,0.1567,0.0585,0.2808,0.0491,0.3034,0,0.0005,0.128,0.0074,0.5263,0,0,0,0.0005,0.1845,0.0093,0.0019,0,0.0166,0,0,0,0,0.2945,0.0019,0,0,0.3343,0.1237,0,0.001,0.0029,0,0,0.0018,0.0004
9.1,0,0,0,0,0,0,0,0.0064,0,0,0,0,0,0,0,0,0,0,0,0,0,0,0,0,0,0,0,0,0,0,0,0,0,0,0,0,0,0,0,0,0.0198,0
9.2,0,0,0,0,0,0,0,0,0,0,0,0,0,0,0,0,0,0,0,0.0005,0,0,0,0,0,0,0,0,0,0,0,0,0,0.0005,0,0,0,0,0,0,0,0
9.3,0,0,0,0,0,0,0,0,0,0,0,0,0,0,0,0.0402,0,0,0,0,0,0,0,0,0,0,0,0,0,0,0.0015,0,0,0,0,0,0,0,0,0,0,0
10,0,0.1835,0,0.0005,0.0367,0,0.1394,0.1508,0.1235,0.2426,0.1181,0.0005,0.1022,0.0184,0.0441,0.0223,0,0,0,0.0131,0.055,0.0214,0.0185,0,0.1504,0.0005,0,0,0,0.0521,0.2863,0,0.0005,0.0331,0.2292,0.0438,0.037,0.0146,0,0,0.2535,0.0004
10.1,0,0,0,0,0,0,0,0.001,0,0,0,0,0,0,0,0,0,0,0,0,0,0.0005,0,0,0,0,0,0,0,0,0,0,0,0,0,0,0,0,0,0,0.0018,0
10.2,0,0,0,0,0,0,0,0,0,0,0,0,0,0,0,0,0,0,0,0.0005,0,0,0,0,0,0,0,0,0,0,0,0,0,0,0,0,0,0,0,0,0,0
11,0.0035,0.3264,0,0.0025,0.0967,0,0.2312,0.3339,0.2535,0.2341,0.1563,0.0005,0.0818,0.2971,0.1244,0.0005,0,0,0,0.0039,0.017,0.1602,0.15,0,0.0316,0.0604,0,0,0,0.3501,0.0652,0,0.001,0.0307,0.2118,0.1602,0.0482,0.2966,0,0,0.354,0.0044
11.1,0,0,0,0,0,0,0,0,0,0,0,0,0,0,0,0,0,0,0,0,0,0.0005,0,0,0,0,0,0,0,0,0,0,0,0,0,0,0,0,0,0,0.0004,0
11.3,0,0,0,0,0,0,0,0,0,0,0,0,0,0,0,0,0,0,0,0,0,0,0,0,0,0,0,0,0,0,0.0005,0,0,0,0,0,0,0,0,0,0.0277,0
12,0.0372,0.2336,0,0.0317,0.1379,0,0.1696,0.244,0.2078,0.3834,0.185,0,0.1235,0.0303,0.1066,0.0005,0,0,0,0.0584,0.11,0.328,0.2314,0,0.0433,0.0428,0,0,0,0.148,0.0419,0,0.0015,0.1315,0.1105,0.3368,0.0093,0.2006,0,0,0.1849,0.0885
12.1,0,0,0,0,0,0,0,0,0,0,0.0005,0,0,0,0,0,0,0,0,0,0,0,0,0,0,0,0,0,0,0,0,0,0,0.0005,0,0,0,0,0,0,0,0
12.2,0.004,0,0,0,0,0,0,0,0,0,0,0,0,0,0,0,0,0,0,0,0,0,0,0,0,0,0,0,0,0,0,0,0,0,0,0.001,0,0,0,0,0,0
12.3,0,0,0,0,0,0,0,0,0,0,0,0,0,0,0,0,0,0,0,0,0,0,0,0,0,0,0,0,0,0,0.0915,0,0,0,0,0,0,0,0,0,0.0004,0
13,0.2767,0.1503,0,0.2043,0.125,0.002,0.0362,0.0466,0.1091,0.0744,0.131,0.002,0.2143,0.001,0.0516,0,0,0,0,0.2137,0.2386,0.2045,0.1319,0,0.128,0.0867,0,0,0,0.0798,0.091,0,0.0112,0.2025,0.0273,0.2493,0.0102,0.0394,0.0186,0,0.0233,0.383
13.2,0.0432,0,0,0,0,0,0,0,0,0,0,0,0,0,0,0,0,0,0,0,0,0,0,0,0,0,0,0,0,0,0,0,0,0,0,0,0,0,0,0,0,0
13.3,0,0,0,0,0,0,0,0,0,0,0,0,0,0,0,0,0,0,0,0,0,0,0,0,0,0,0,0,0,0,0.0424,0,0,0,0,0,0,0,0,0,0,0
14,0.2584,0.0084,0,0.2128,0.126,0.0417,0.0089,0.0045,0.0139,0.0124,0.0437,0.2336,0.2078,0.0005,0.0779,0,0.0005,0,0.0015,0.1972,0.2863,0.0643,0.0467,0.0005,0.1534,0.0701,0.0073,0,0,0.0628,0.2522,0,0.1363,0.187,0.0049,0.148,0.0097,0.0745,0.0899,0,0.1202,0.221
14.1,0,0,0,0,0,0,0,0,0,0,0,0,0,0,0,0,0,0,0,0,0,0,0,0,0,0,0,0,0,0,0,0,0,0,0,0,0,0,0,0,0.0004,0
14.2,0.122,0,0,0,0,0,0,0,0,0,0,0,0,0,0,0,0,0,0,0,0,0,0,0,0,0,0,0,0,0,0,0,0,0,0,0,0,0,0,0,0,0
14.3,0,0,0,0,0,0,0,0,0,0,0,0,0,0,0,0,0,0,0,0,0,0,0,0,0,0,0,0,0,0,0.0097,0,0,0,0,0,0,0,0,0,0,0
15,0.0734,0.0015,0,0.1796,0.0149,0.3621,0.001,0,0.001,0.0005,0.0079,0.0372,0.1776,0,0.1032,0,0.0134,0.0005,0,0.2888,0.0964,0.0063,0.1636,0.0039,0.1582,0.2924,0.0195,0,0.0005,0.0117,0.1071,0.001,0.2084,0.0721,0.0005,0.0219,0.2269,0.2765,0.094,0.0041,0.0101,0.1967
15.2,0.1414,0,0,0,0,0,0,0,0,0,0,0,0,0,0,0,0,0,0,0,0,0,0,0,0,0,0,0,0,0,0,0,0,0,0,0,0,0,0,0,0,0
15.3,0,0,0,0,0,0,0,0,0,0,0,0,0,0,0,0,0,0,0,0,0,0,0,0,0,0.0015,0,0,0,0,0.0015,0,0,0,0,0,0,0,0,0,0,0
16,0.0104,0,0,0.126,0.003,0.3353,0,0,0,0,0.0015,0.193,0.0774,0,0.0923,0,0.0094,0.0104,0,0.1899,0.0117,0,0.1548,0.0292,0.1802,0.2434,0.0789,0,0.0112,0,0.0068,0.0005,0.2925,0.0078,0,0.0049,0.3048,0.0798,0.0981,0.0031,0.0013,0.0841
16.1,0,0,0,0,0,0,0,0,0,0,0,0,0,0,0,0,0,0,0,0,0,0,0,0,0,0,0,0,0.0005,0,0,0,0,0,0,0,0,0,0,0,0,0
16.2,0.0258,0,0,0,0,0,0,0,0,0,0,0,0,0,0,0,0,0,0.0005,0,0,0,0,0,0,0,0,0,0,0,0,0,0,0,0,0,0,0,0,0,0,0
16.3,0,0,0,0,0,0,0,0,0,0,0,0,0,0,0,0,0,0,0,0,0,0,0,0,0,0.0088,0,0,0,0,0,0,0.0234,0,0,0,0,0,0,0,0,0
17,0.0025,0,0,0.064,0.0481,0.182,0,0,0,0,0,0.249,0.0109,0,0.0898,0,0.0893,0.059,0.0015,0.0248,0,0,0.0813,0.1456,0.0896,0.0867,0.1524,0.0058,0.1057,0,0,0.0088,0.2269,0,0,0,0.1835,0.0136,0.3471,0.0072,0,0.0189
17.2,0.0015,0,0,0,0,0,0,0,0,0,0,0,0,0,0,0,0,0,0,0,0,0,0,0,0,0,0,0,0,0,0,0,0,0,0,0,0,0,0,0,0,0
17.3,0,0,0,0,0,0,0,0,0,0,0,0,0,0,0,0,0.0005,0,0,0,0,0,0,0,0,0.0643,0,0,0,0,0,0,0.0068,0,0,0,0,0,0,0,0,0
17.4,0,0,0,0,0,0,0,0,0,0,0,0,0,0,0.0005,0,0,0,0,0,0,0,0,0,0,0,0,0,0,0,0,0,0,0,0,0,0,0,0,0,0,0
18,0,0,0,0.0382,0.1766,0.0704,0,0,0,0,0,0.1875,0.0025,0,0.0704,0,0.2291,0.1027,0.0218,0.0063,0,0,0.0136,0.0944,0.0346,0.0112,0.0682,0.0944,0.1915,0,0,0.0394,0.0886,0,0,0,0.1198,0.001,0.2076,0.0145,0,0.0009
18.2,0,0,0,0,0,0,0,0,0,0,0,0,0,0,0,0,0,0,0,0,0,0,0,0,0,0.0005,0,0,0,0,0,0,0,0,0,0,0,0,0,0,0,0
18.3,0,0,0,0,0,0,0,0,0,0,0,0,0,0,0.0005,0,0.0035,0,0,0,0,0,0,0,0,0.0239,0,0,0,0,0,0,0,0,0,0,0,0,0,0,0,0
18.4,0,0,0,0,0,0,0,0,0,0,0,0,0,0,0.001,0,0,0,0,0,0,0,0,0,0,0,0,0,0,0,0,0,0,0,0,0,0,0,0,0,0,0
19,0,0,0,0.0466,0.1617,0.005,0,0,0,0,0,0.0818,0,0,0.0605,0,0.2108,0.1612,0.0496,0.0019,0,0,0.0029,0.1709,0.0083,0.0029,0.0803,0.0798,0.1875,0,0,0.2381,0.0029,0,0,0,0.0355,0,0.1023,0.063,0,0.0004
19.2,0,0,0,0,0,0,0,0,0,0,0,0,0,0,0,0,0.001,0,0,0,0,0,0,0.0005,0,0,0,0,0,0,0,0,0,0,0,0,0,0,0,0,0,0
19.3,0,0,0,0,0.0005,0,0,0,0,0,0,0,0,0,0,0,0,0,0,0,0,0,0,0,0,0.0039,0,0,0,0,0,0,0,0,0,0,0,0,0,0,0,0
19.4,0,0,0,0,0,0,0,0,0,0,0,0,0,0,0.0005,0,0,0,0,0,0,0,0,0,0,0,0,0,0,0,0,0,0,0,0,0,0,0,0,0,0,0
20,0,0,0,0.0362,0.0595,0.0015,0,0,0,0,0,0.0134,0,0,0.0526,0,0.182,0.1314,0.0516,0.0005,0,0,0,0.1806,0.0005,0,0.091,0.1641,0.1369,0,0,0.3002,0,0,0,0,0.0102,0,0.0372,0.126,0,0
20.3,0,0,0,0,0.001,0,0,0,0,0,0,0,0,0,0,0,0,0,0,0,0,0,0,0,0,0,0,0,0.001,0,0,0.0005,0,0,0,0,0,0,0,0,0,0
21,0,0,0,0.0298,0.0074,0,0,0,0,0,0,0.0015,0,0,0.0313,0,0.1057,0.0263,0.1042,0,0,0,0,0.2205,0,0,0.297,0.1105,0.1549,0,0,0.202,0,0,0,0,0.0034,0,0.0052,0.1415,0,0
21.2,0,0,0,0,0,0,0,0,0,0,0,0,0,0,0,0,0,0,0.001,0,0,0,0,0,0,0,0,0,0,0,0,0,0,0,0,0,0,0,0,0,0,0
21.3,0,0,0,0,0.002,0,0,0,0,0,0,0,0,0,0,0,0,0,0,0,0,0,0,0,0,0,0,0.0005,0,0,0,0.0005,0,0,0,0,0,0,0,0,0,0
22,0,0,0,0.0164,0.001,0,0,0,0,0,0,0,0,0,0.0154,0,0.0903,0.0407,0.1597,0,0,0,0,0.0969,0,0,0.1733,0.074,0.1184,0,0,0.1339,0,0,0,0,0.0005,0,0,0.1457,0,0
22.2,0,0,0,0,0,0,0,0,0,0,0,0,0,0,0,0,0,0,0.006,0,0,0,0,0,0,0,0,0,0,0,0,0,0,0,0,0,0,0,0,0.001,0,0
22.3,0,0,0,0,0.0005,0,0,0,0,0,0,0,0,0,0,0,0,0,0,0,0,0,0,0,0,0,0,0,0,0,0,0.001,0,0,0,0,0,0,0,0,0,0
23,0,0,0,0.0064,0,0,0,0,0,0,0,0,0,0,0.0074,0,0.0387,0.2182,0.2454,0,0,0,0,0.0458,0,0,0.0253,0.1895,0.0657,0,0,0.0501,0,0,0,0,0,0,0,0.1467,0,0
23.2,0,0,0,0,0,0,0,0,0,0,0,0,0,0,0,0,0,0,0.0069,0,0,0,0,0,0,0,0,0,0,0,0,0,0,0,0,0,0,0,0,0,0,0
24,0,0,0,0.003,0,0,0,0,0,0,0,0,0,0,0.004,0,0.0144,0.1622,0.1806,0,0,0,0,0.0102,0,0,0.0063,0.1641,0.0204,0,0,0.0166,0,0,0,0,0,0,0,0.0981,0,0
24.2,0,0,0,0,0,0,0,0,0,0,0,0,0,0,0,0,0,0,0.004,0,0,0,0,0,0,0,0,0,0,0,0,0,0,0,0,0,0,0,0,0,0,0
25,0,0,0,0.001,0,0,0,0,0,0,0,0,0,0,0.0015,0,0.0084,0.0685,0.1052,0,0,0,0,0.0005,0,0,0.0005,0.0896,0.0058,0,0,0.0044,0,0,0,0,0,0,0,0.1716,0,0
25.2,0,0,0,0,0,0,0,0,0,0,0,0,0,0,0,0,0,0,0.002,0,0,0,0,0,0,0,0,0,0,0,0,0,0,0,0,0,0,0,0,0,0,0
26,0,0,0.0005,0,0,0,0,0,0,0,0,0,0,0,0.0015,0,0.003,0.0159,0.0451,0,0,0,0,0.0005,0,0,0,0.0209,0,0,0,0.0015,0,0,0,0,0,0,0,0.0486,0,0
26.2,0,0,0,0,0,0,0,0,0,0,0,0,0,0,0,0,0,0,0.002,0,0,0,0,0,0,0,0,0,0,0,0,0,0,0,0,0,0,0,0,0,0,0
27,0,0,0.004,0.0005,0,0,0,0,0,0,0,0,0,0,0.0005,0,0,0.003,0.0089,0,0,0,0,0,0,0,0,0.0063,0,0,0,0,0,0,0,0,0,0,0,0.0186,0,0
27.2,0,0,0.0005,0,0,0,0,0,0,0,0,0,0,0,0,0,0,0,0,0,0,0,0,0,0,0,0,0,0,0,0,0,0,0,0,0,0,0,0,0,0,0
28,0,0,0.0437,0,0,0,0,0,0,0,0,0,0,0,0,0,0,0,0.001,0,0,0,0,0,0,0,0,0.0005,0,0,0,0,0,0,0,0,0,0,0,0.0103,0,0
28.2,0,0,0.0099,0,0,0,0,0,0,0,0,0,0,0,0,0,0,0,0,0,0,0,0,0,0,0,0,0,0,0,0,0,0,0,0,0,0,0,0,0,0,0
29,0,0,0.2802,0,0,0,0,0,0,0,0,0,0,0,0,0,0,0,0.001,0,0,0,0,0,0,0,0,0,0,0,0,0,0,0,0,0,0,0,0,0,0,0
29.2,0,0,0.003,0,0,0,0,0,0,0,0,0,0,0,0,0,0,0,0,0,0,0,0,0,0,0,0,0,0,0,0,0,0,0,0,0,0,0,0,0,0,0
30,0,0,0.2737,0,0,0,0,0,0,0,0,0,0,0,0,0,0,0,0.0005,0,0,0,0,0,0,0,0,0,0,0,0,0,0,0,0,0,0,0,0,0,0,0
30.2,0,0,0.0134,0,0,0,0,0,0,0,0,0,0,0,0,0,0,0,0,0,0,0,0,0,0,0,0,0,0,0,0,0,0,0,0,0,0,0,0,0,0,0
30.3,0,0,0.004,0,0,0,0,0,0,0,0,0,0,0,0,0,0,0,0,0,0,0,0,0,0,0,0,0,0,0,0,0,0,0,0,0,0,0,0,0,0,0
31,0,0,0.1105,0,0,0,0,0,0,0,0,0,0,0,0,0,0,0,0,0,0,0,0,0,0,0,0,0,0,0,0,0,0,0,0,0,0,0,0,0,0,0
31.2,0,0,0.0724,0,0,0,0,0,0,0,0,0,0,0,0,0,0,0,0,0,0,0,0,0,0,0,0,0,0,0,0,0,0,0,0,0,0,0,0,0,0,0
31.3,0,0,0.0005,0,0,0,0,0,0,0,0,0,0,0,0,0,0,0,0,0,0,0,0,0,0,0,0,0,0,0,0,0,0,0,0,0,0,0,0,0,0,0
32,0,0,0.0283,0,0,0,0,0,0,0,0,0,0,0,0,0,0,0,0,0,0,0,0,0,0,0,0,0,0,0,0,0,0,0,0,0,0,0,0,0,0,0
32.2,0,0,0.1047,0,0,0,0,0,0,0,0,0,0,0,0,0,0,0,0,0,0,0,0,0,0,0,0,0,0,0,0,0,0,0,0,0,0,0,0,0,0,0
33,0,0,0.005,0,0,0,0,0,0,0,0,0,0,0,0,0,0,0,0,0,0,0,0,0,0,0,0,0,0,0,0,0,0,0,0,0,0,0,0,0,0,0
33.1,0,0,0.001,0,0,0,0,0,0,0,0,0,0,0,0,0,0,0,0,0,0,0,0,0,0,0,0,0,0,0,0,0,0,0,0,0,0,0,0,0,0,0
33.2,0,0,0.0382,0,0,0,0,0,0,0,0,0,0,0,0,0,0,0,0,0,0,0,0,0,0,0,0,0,0,0,0,0,0,0,0,0,0,0,0,0,0,0
34.1,0,0,0.0005,0,0,0,0,0,0,0,0,0,0,0,0,0,0,0,0,0,0,0,0,0,0,0,0,0,0,0,0,0,0,0,0,0,0,0,0,0,0,0
34.2,0,0,0.005,0,0,0,0,0,0,0,0,0,0,0,0,0,0,0,0,0,0,0,0,0,0,0,0,0,0,0,0,0,0,0,0,0,0,0,0,0,0,0
35.2,0,0,0.0005,0,0,0,0,0,0,0,0,0,0,0,0,0,0,0,0,0,0,0,0,0,0,0,0,0,0,0,0,0,0,0,0,0,0,0,0,0,0,0
36.2,0,0,0.0005,0,0,0,0,0,0,0,0,0,0,0,0,0,0,0,0,0,0,0,0,0,0,0,0,0,0,0,0,0,0,0,0,0,0,0,0,0,0,0
N,1008,1008,1008,1008,1008,1008,1008,1008,1008,1008,1008,1008,1008,1008,1008,1008,1008,1008,1008,1027,1027,1027,1027,1027,1027,1027,1027,1027,1027,1027,1027,1027,1027,1027,1027,1027,1027,1027,500,500,1136,1136
